slat,slon,dlat,dlon
-73.98215485,40.76793671,-73.96463013,40.76560211
-73.98041534,40.73856354,-73.9994812,40.73115158
-73.97902679,40.7639389,-74.00533295,40.71008682
-74.01004028,40.7199707,-74.01226807,40.70671844
-73.97305298,40.79320908,-73.97292328,40.78252029
-73.98285675,40.74219513,-73.99208069,40.74918365
-73.96901703,40.7578392,-73.95740509,40.76589584
-73.96927643,40.79777908,-73.92247009,40.76055908
-73.9994812,40.73839951,-73.98578644,40.73281479