{"-73.98215485":{"0":-73.98041534,"1":-73.97902679,"2":-74.01004028,"3":-73.97305298,"4":-73.98285675,"5":-73.96901703,"6":-73.96927643,"7":-73.9994812},"40.76793671":{"0":40.73856354,"1":40.7639389,"2":40.7199707,"3":40.79320908,"4":40.74219513,"5":40.7578392,"6":40.79777908,"7":40.73839951},"-73.96463013":{"0":-73.9994812,"1":-74.00533295,"2":-74.01226807,"3":-73.97292328,"4":-73.99208069,"5":-73.95740509,"6":-73.92247009,"7":-73.98578644},"40.76560211":{"0":40.73115158,"1":40.71008682,"2":40.70671844,"3":40.78252029,"4":40.74918365,"5":40.76589584,"6":40.76055908,"7":40.73281479}}